{"cameraMode":{"drawMode":0,"name":"Shaded","section":"Shading Mode"},"sceneLighting":false,"audioPlay":false,"sceneViewState":{"showFog":true,"showMaterialUpdate":false,"showSkybox":true,"showFlares":true,"showImageEffects":true,"showParticleSystems":true},"in2DMode":false,"pivot":{"x":6.829999923706055,"y":0.8899999856948853,"z":0.0},"rotation":{"x":-0.33882278203964236,"y":0.033860787749290469,"z":-0.012202688492834568,"w":-0.9401615858078003},"size":2.8578836917877199,"orthographic":false}